<?xml version="1.0" encoding="utf-8" standalone="yes" ?>
<testmodule starttime="2018-05-11 16:45:13" timestamp="  81.343616" verdicts="2_basic">
  <testcycle run="1" >
    <testgroup>
      <skipped starttime="2018-05-11 16:45:13" timestamp="  81.343616">
        <title>Sending all msg</title>
        <ident>Sending all msg</ident>
        <description>Sending all msg</description>
      </skipped>
      <skipped starttime="2018-05-11 16:45:13" timestamp="  81.343616">
        <title>Waiting 15s (Radio in power on mode)</title>
        <ident>Waiting 15s (Radio in power on mode)</ident>
        <description>Waiting 15s (Radio in power on mode)</description>
      </skipped>
      <skipped starttime="2018-05-11 16:45:13" timestamp="  81.343616">
        <title>Active T-MODE</title>
        <ident>Active T-MODE</ident>
        <description>Active T-MODE</description>
      </skipped>
      <skipped starttime="2018-05-11 16:45:13" timestamp="  81.343616">
        <title>Stop all msg (Radio go to sleep)</title>
        <ident>Stop all msg (Radio go to sleep)</ident>
        <description>Stop all msg (Radio go to sleep)</description>
      </skipped>
      <skipped starttime="2018-05-11 16:45:13" timestamp="  81.343616">
        <title>Waiting (1-600s) Random Timer</title>
        <ident>Waiting (1-600s) Random Timer</ident>
      </skipped>
      <skipped starttime="2018-05-11 16:45:13" timestamp="  81.343616">
        <title>Deactive T-MODE</title>
        <ident>Deactive T-MODE</ident>
        <description>Deactive T-MODE</description>
      </skipped>
      <skipped starttime="2018-05-11 16:45:13" timestamp="  81.343616">
        <title>Waiting 15s (Radio need back to last source)</title>
        <ident>Waiting 15s (Radio need back to last source)</ident>
        <description>Waiting 15s (Radio need back to last source)</description>
      </skipped>
      <testcase starttime="2018-05-11 16:45:13" timestamp="  81.343616">
        <preparation starttime="2018-05-11 16:45:13" timestamp="  81.343616">
          <testpattern timestamp="  81.343616" name="set" type="testprimitive">
            <title>Take a photo</title>
            <details timestamp="  81.343616">
              <title>Set specified value.</title>
              <info>
                <name>System variable &apos;Camera::capture_cam&apos;</name>
                <description>1</description>
              </info>
            </details>
            <teststep timestamp="  81.343616" level="2" type="auto" ident="1" result="pass">Stimulation of the input parameters</teststep>
            <result timestamp="  81.343616" result="pass"/>
          </testpattern>
          <prepend endtime="2018-05-11 16:45:13" endtimestamp="  81.343616" />
        </preparation>
        <verdict time="2018-05-11 16:45:13" timestamp="  81.343616" endtime="2018-05-11 16:45:13" endtimestamp="  81.343616" result="pass" />
        <title>Take a photo (confirm radio in power on mode)</title>
        <ident>Take a photo (confirm radio in power on mode)</ident>
        <description>Take a photo (confirm radio in power on mode)</description>
      </testcase>
      <testcase starttime="2018-05-11 16:45:13" timestamp="  81.343616">
        <preparation starttime="2018-05-11 16:45:13" timestamp="  81.343616">
          <testpattern timestamp="  81.343616" name="set" type="testprimitive">
            <title>Take a photo</title>
            <details timestamp="  81.343616">
              <title>Set specified value.</title>
              <info>
                <name>System variable &apos;Camera::black_detect&apos;</name>
                <description>1</description>
              </info>
            </details>
            <teststep timestamp="  81.343616" level="2" type="auto" ident="1" result="pass">Stimulation of the input parameters</teststep>
            <result timestamp="  81.343616" result="pass"/>
          </testpattern>
          <prepend endtime="2018-05-11 16:45:13" endtimestamp="  81.343616" />
        </preparation>
        <verdict time="2018-05-11 16:45:13" timestamp="  81.343616" endtime="2018-05-11 16:45:13" endtimestamp="  81.343616" result="pass" />
        <title>Check_black</title>
        <ident>Check_black</ident>
        <description>Check_black</description>
      </testcase>
      <testcase starttime="2018-05-11 16:45:13" timestamp="  81.343616">
        <preparation starttime="2018-05-11 16:45:13" timestamp="  81.343616">
          <testpattern timestamp="  81.343616" name="wait" type="controlfunction">
            <title>2s</title>
            <teststep timestamp="  83.343616" level="1" type="auto" ident="Resume reason" result="na"> Elapsed time=2000ms (max=2000ms)</teststep>
            <teststep timestamp="  83.343616" level="1" type="auto" ident="1" result="pass">Waited for 2000 ms.</teststep>
            <result timestamp="  83.343616" result="pass"/>
          </testpattern>
          <prepend endtime="2018-05-11 16:45:15" endtimestamp="  83.343616" />
        </preparation>
        <verdict time="2018-05-11 16:45:15" timestamp="  83.343616" endtime="2018-05-11 16:45:15" endtimestamp="  83.343616" result="pass" />
        <title>Waiting 2s</title>
        <ident>Waiting 2s</ident>
        <description>Waiting 2s</description>
      </testcase>
      <testcase starttime="2018-05-11 16:45:15" timestamp="  83.343616">
        <testpattern timestamp="  83.343616" name="choice" type="controlfunction">
          <title>SCREEN CHECK</title>
          <teststep timestamp="  83.343616" level="0" type="auto" ident="" result="na">Check system variable &apos;Camera::black_detect_result&apos; value failed: = 0, condition: == 1</teststep>
          <teststep timestamp="  83.343616" level="0" type="auto" ident="" result="na">If condition is not fulfilled, skipping if block.</teststep>
          <teststep timestamp="  83.343616" level="0" type="auto" ident="" result="na">No if condition matched, choice passed without executing anything.</teststep>
          <result timestamp="  83.343616" result="pass"/>
        </testpattern>
        <verdict time="2018-05-11 16:45:15" timestamp="  83.343616" endtime="2018-05-11 16:45:15" endtimestamp="  83.343616" result="pass" />
        <title>Choice</title>
        <ident>Choice</ident>
      </testcase>
      <title>MQB STD+ Measure</title>
    </testgroup>
  </testcycle>
  <testcycle run="2" >
    <testgroup>
      <skipped starttime="2018-05-11 16:45:15" timestamp="  83.343616">
        <title>Sending all msg</title>
        <ident>Sending all msg</ident>
        <description>Sending all msg</description>
      </skipped>
      <skipped starttime="2018-05-11 16:45:15" timestamp="  83.343616">
        <title>Waiting 15s (Radio in power on mode)</title>
        <ident>Waiting 15s (Radio in power on mode)</ident>
        <description>Waiting 15s (Radio in power on mode)</description>
      </skipped>
      <skipped starttime="2018-05-11 16:45:15" timestamp="  83.343616">
        <title>Active T-MODE</title>
        <ident>Active T-MODE</ident>
        <description>Active T-MODE</description>
      </skipped>
      <skipped starttime="2018-05-11 16:45:15" timestamp="  83.343616">
        <title>Stop all msg (Radio go to sleep)</title>
        <ident>Stop all msg (Radio go to sleep)</ident>
        <description>Stop all msg (Radio go to sleep)</description>
      </skipped>
      <skipped starttime="2018-05-11 16:45:15" timestamp="  83.343616">
        <title>Waiting (1-600s) Random Timer</title>
        <ident>Waiting (1-600s) Random Timer</ident>
      </skipped>
      <skipped starttime="2018-05-11 16:45:15" timestamp="  83.343616">
        <title>Deactive T-MODE</title>
        <ident>Deactive T-MODE</ident>
        <description>Deactive T-MODE</description>
      </skipped>
      <skipped starttime="2018-05-11 16:45:15" timestamp="  83.343616">
        <title>Waiting 15s (Radio need back to last source)</title>
        <ident>Waiting 15s (Radio need back to last source)</ident>
        <description>Waiting 15s (Radio need back to last source)</description>
      </skipped>
      <testcase starttime="2018-05-11 16:45:15" timestamp="  83.343616">
        <preparation starttime="2018-05-11 16:45:15" timestamp="  83.343616">
          <testpattern timestamp="  83.343616" name="set" type="testprimitive">
            <title>Take a photo</title>
            <details timestamp="  83.343616">
              <title>Set specified value.</title>
              <info>
                <name>System variable &apos;Camera::capture_cam&apos;</name>
                <description>1</description>
              </info>
            </details>
            <teststep timestamp="  83.343616" level="2" type="auto" ident="1" result="pass">Stimulation of the input parameters</teststep>
            <result timestamp="  83.343616" result="pass"/>
          </testpattern>
          <prepend endtime="2018-05-11 16:45:15" endtimestamp="  83.343616" />
        </preparation>
        <verdict time="2018-05-11 16:45:15" timestamp="  83.343616" endtime="2018-05-11 16:45:15" endtimestamp="  83.343616" result="pass" />
        <title>Take a photo (confirm radio in power on mode)</title>
        <ident>Take a photo (confirm radio in power on mode)</ident>
        <description>Take a photo (confirm radio in power on mode)</description>
      </testcase>
      <testcase starttime="2018-05-11 16:45:15" timestamp="  83.343616">
        <preparation starttime="2018-05-11 16:45:15" timestamp="  83.343616">
          <testpattern timestamp="  83.343616" name="set" type="testprimitive">
            <title>Take a photo</title>
            <details timestamp="  83.343616">
              <title>Set specified value.</title>
              <info>
                <name>System variable &apos;Camera::black_detect&apos;</name>
                <description>1</description>
              </info>
            </details>
            <teststep timestamp="  83.343616" level="2" type="auto" ident="1" result="pass">Stimulation of the input parameters</teststep>
            <result timestamp="  83.343616" result="pass"/>
          </testpattern>
          <prepend endtime="2018-05-11 16:45:15" endtimestamp="  83.343616" />
        </preparation>
        <verdict time="2018-05-11 16:45:15" timestamp="  83.343616" endtime="2018-05-11 16:45:15" endtimestamp="  83.343616" result="pass" />
        <title>Check_black</title>
        <ident>Check_black</ident>
        <description>Check_black</description>
      </testcase>
      <testcase starttime="2018-05-11 16:45:15" timestamp="  83.343616">
        <preparation starttime="2018-05-11 16:45:15" timestamp="  83.343616">
          <testpattern timestamp="  83.343616" name="wait" type="controlfunction">
            <title>2s</title>
            <teststep timestamp="  85.343616" level="1" type="auto" ident="Resume reason" result="na"> Elapsed time=2000ms (max=2000ms)</teststep>
            <teststep timestamp="  85.343616" level="1" type="auto" ident="1" result="pass">Waited for 2000 ms.</teststep>
            <result timestamp="  85.343616" result="pass"/>
          </testpattern>
          <prepend endtime="2018-05-11 16:45:17" endtimestamp="  85.343616" />
        </preparation>
        <verdict time="2018-05-11 16:45:17" timestamp="  85.343616" endtime="2018-05-11 16:45:17" endtimestamp="  85.343616" result="pass" />
        <title>Waiting 2s</title>
        <ident>Waiting 2s</ident>
        <description>Waiting 2s</description>
      </testcase>
      <testcase starttime="2018-05-11 16:45:17" timestamp="  85.343616">
        <testpattern timestamp="  85.343616" name="choice" type="controlfunction">
          <title>SCREEN CHECK</title>
          <teststep timestamp="  85.343616" level="0" type="auto" ident="" result="na">Check system variable &apos;Camera::black_detect_result&apos; value failed: = 0, condition: == 1</teststep>
          <teststep timestamp="  85.343616" level="0" type="auto" ident="" result="na">If condition is not fulfilled, skipping if block.</teststep>
          <teststep timestamp="  85.343616" level="0" type="auto" ident="" result="na">No if condition matched, choice passed without executing anything.</teststep>
          <result timestamp="  85.343616" result="pass"/>
        </testpattern>
        <verdict time="2018-05-11 16:45:17" timestamp="  85.343616" endtime="2018-05-11 16:45:17" endtimestamp="  85.343616" result="pass" />
        <title>Choice</title>
        <ident>Choice</ident>
      </testcase>
      <title>MQB STD+ Measure</title>
    </testgroup>
  </testcycle>
  <testcycle run="3" >
    <testgroup>
      <skipped starttime="2018-05-11 16:45:17" timestamp="  85.343616">
        <title>Sending all msg</title>
        <ident>Sending all msg</ident>
        <description>Sending all msg</description>
      </skipped>
      <skipped starttime="2018-05-11 16:45:17" timestamp="  85.343616">
        <title>Waiting 15s (Radio in power on mode)</title>
        <ident>Waiting 15s (Radio in power on mode)</ident>
        <description>Waiting 15s (Radio in power on mode)</description>
      </skipped>
      <skipped starttime="2018-05-11 16:45:17" timestamp="  85.343616">
        <title>Active T-MODE</title>
        <ident>Active T-MODE</ident>
        <description>Active T-MODE</description>
      </skipped>
      <skipped starttime="2018-05-11 16:45:17" timestamp="  85.343616">
        <title>Stop all msg (Radio go to sleep)</title>
        <ident>Stop all msg (Radio go to sleep)</ident>
        <description>Stop all msg (Radio go to sleep)</description>
      </skipped>
      <skipped starttime="2018-05-11 16:45:17" timestamp="  85.343616">
        <title>Waiting (1-600s) Random Timer</title>
        <ident>Waiting (1-600s) Random Timer</ident>
      </skipped>
      <skipped starttime="2018-05-11 16:45:17" timestamp="  85.343616">
        <title>Deactive T-MODE</title>
        <ident>Deactive T-MODE</ident>
        <description>Deactive T-MODE</description>
      </skipped>
      <skipped starttime="2018-05-11 16:45:17" timestamp="  85.343616">
        <title>Waiting 15s (Radio need back to last source)</title>
        <ident>Waiting 15s (Radio need back to last source)</ident>
        <description>Waiting 15s (Radio need back to last source)</description>
      </skipped>
      <testcase starttime="2018-05-11 16:45:17" timestamp="  85.343616">
        <preparation starttime="2018-05-11 16:45:17" timestamp="  85.343616">
          <testpattern timestamp="  85.343616" name="set" type="testprimitive">
            <title>Take a photo</title>
            <details timestamp="  85.343616">
              <title>Set specified value.</title>
              <info>
                <name>System variable &apos;Camera::capture_cam&apos;</name>
                <description>1</description>
              </info>
            </details>
            <teststep timestamp="  85.343616" level="2" type="auto" ident="1" result="pass">Stimulation of the input parameters</teststep>
            <result timestamp="  85.343616" result="pass"/>
          </testpattern>
          <prepend endtime="2018-05-11 16:45:17" endtimestamp="  85.343616" />
        </preparation>
        <verdict time="2018-05-11 16:45:17" timestamp="  85.343616" endtime="2018-05-11 16:45:17" endtimestamp="  85.343616" result="pass" />
        <title>Take a photo (confirm radio in power on mode)</title>
        <ident>Take a photo (confirm radio in power on mode)</ident>
        <description>Take a photo (confirm radio in power on mode)</description>
      </testcase>
      <testcase starttime="2018-05-11 16:45:17" timestamp="  85.343616">
        <preparation starttime="2018-05-11 16:45:17" timestamp="  85.343616">
          <testpattern timestamp="  85.343616" name="set" type="testprimitive">
            <title>Take a photo</title>
            <details timestamp="  85.343616">
              <title>Set specified value.</title>
              <info>
                <name>System variable &apos;Camera::black_detect&apos;</name>
                <description>1</description>
              </info>
            </details>
            <teststep timestamp="  85.343616" level="2" type="auto" ident="1" result="pass">Stimulation of the input parameters</teststep>
            <result timestamp="  85.343616" result="pass"/>
          </testpattern>
          <prepend endtime="2018-05-11 16:45:17" endtimestamp="  85.343616" />
        </preparation>
        <verdict time="2018-05-11 16:45:17" timestamp="  85.343616" endtime="2018-05-11 16:45:17" endtimestamp="  85.343616" result="pass" />
        <title>Check_black</title>
        <ident>Check_black</ident>
        <description>Check_black</description>
      </testcase>
      <testcase starttime="2018-05-11 16:45:17" timestamp="  85.343616">
        <preparation starttime="2018-05-11 16:45:17" timestamp="  85.343616">
          <testpattern timestamp="  85.343616" name="wait" type="controlfunction">
            <title>2s</title>
            <teststep timestamp="  87.343616" level="1" type="auto" ident="Resume reason" result="na"> Elapsed time=2000ms (max=2000ms)</teststep>
            <teststep timestamp="  87.343616" level="1" type="auto" ident="1" result="pass">Waited for 2000 ms.</teststep>
            <result timestamp="  87.343616" result="pass"/>
          </testpattern>
          <prepend endtime="2018-05-11 16:45:19" endtimestamp="  87.343616" />
        </preparation>
        <verdict time="2018-05-11 16:45:19" timestamp="  87.343616" endtime="2018-05-11 16:45:19" endtimestamp="  87.343616" result="pass" />
        <title>Waiting 2s</title>
        <ident>Waiting 2s</ident>
        <description>Waiting 2s</description>
      </testcase>
      <testcase starttime="2018-05-11 16:45:19" timestamp="  87.343616">
        <testpattern timestamp="  87.343616" name="choice" type="controlfunction">
          <title>SCREEN CHECK</title>
          <teststep timestamp="  87.343616" level="0" type="auto" ident="" result="na">Check system variable &apos;Camera::black_detect_result&apos; value failed: = 0, condition: == 1</teststep>
          <teststep timestamp="  87.343616" level="0" type="auto" ident="" result="na">If condition is not fulfilled, skipping if block.</teststep>
          <teststep timestamp="  87.343616" level="0" type="auto" ident="" result="na">No if condition matched, choice passed without executing anything.</teststep>
          <result timestamp="  87.343616" result="pass"/>
        </testpattern>
        <verdict time="2018-05-11 16:45:19" timestamp="  87.343616" endtime="2018-05-11 16:45:19" endtimestamp="  87.343616" result="pass" />
        <title>Choice</title>
        <ident>Choice</ident>
      </testcase>
      <title>MQB STD+ Measure</title>
    </testgroup>
  </testcycle>
  <testcycle run="4" >
    <testgroup>
      <skipped starttime="2018-05-11 16:45:19" timestamp="  87.343616">
        <title>Sending all msg</title>
        <ident>Sending all msg</ident>
        <description>Sending all msg</description>
      </skipped>
      <skipped starttime="2018-05-11 16:45:19" timestamp="  87.343616">
        <title>Waiting 15s (Radio in power on mode)</title>
        <ident>Waiting 15s (Radio in power on mode)</ident>
        <description>Waiting 15s (Radio in power on mode)</description>
      </skipped>
      <skipped starttime="2018-05-11 16:45:19" timestamp="  87.343616">
        <title>Active T-MODE</title>
        <ident>Active T-MODE</ident>
        <description>Active T-MODE</description>
      </skipped>
      <skipped starttime="2018-05-11 16:45:19" timestamp="  87.343616">
        <title>Stop all msg (Radio go to sleep)</title>
        <ident>Stop all msg (Radio go to sleep)</ident>
        <description>Stop all msg (Radio go to sleep)</description>
      </skipped>
      <skipped starttime="2018-05-11 16:45:19" timestamp="  87.343616">
        <title>Waiting (1-600s) Random Timer</title>
        <ident>Waiting (1-600s) Random Timer</ident>
      </skipped>
      <skipped starttime="2018-05-11 16:45:19" timestamp="  87.343616">
        <title>Deactive T-MODE</title>
        <ident>Deactive T-MODE</ident>
        <description>Deactive T-MODE</description>
      </skipped>
      <skipped starttime="2018-05-11 16:45:19" timestamp="  87.343616">
        <title>Waiting 15s (Radio need back to last source)</title>
        <ident>Waiting 15s (Radio need back to last source)</ident>
        <description>Waiting 15s (Radio need back to last source)</description>
      </skipped>
      <testcase starttime="2018-05-11 16:45:19" timestamp="  87.343616">
        <preparation starttime="2018-05-11 16:45:19" timestamp="  87.343616">
          <testpattern timestamp="  87.343616" name="set" type="testprimitive">
            <title>Take a photo</title>
            <details timestamp="  87.343616">
              <title>Set specified value.</title>
              <info>
                <name>System variable &apos;Camera::capture_cam&apos;</name>
                <description>1</description>
              </info>
            </details>
            <teststep timestamp="  87.343616" level="2" type="auto" ident="1" result="pass">Stimulation of the input parameters</teststep>
            <result timestamp="  87.343616" result="pass"/>
          </testpattern>
          <prepend endtime="2018-05-11 16:45:19" endtimestamp="  87.343616" />
        </preparation>
        <verdict time="2018-05-11 16:45:19" timestamp="  87.343616" endtime="2018-05-11 16:45:19" endtimestamp="  87.343616" result="pass" />
        <title>Take a photo (confirm radio in power on mode)</title>
        <ident>Take a photo (confirm radio in power on mode)</ident>
        <description>Take a photo (confirm radio in power on mode)</description>
      </testcase>
      <testcase starttime="2018-05-11 16:45:19" timestamp="  87.343616">
        <preparation starttime="2018-05-11 16:45:19" timestamp="  87.343616">
          <testpattern timestamp="  87.343616" name="set" type="testprimitive">
            <title>Take a photo</title>
            <details timestamp="  87.343616">
              <title>Set specified value.</title>
              <info>
                <name>System variable &apos;Camera::black_detect&apos;</name>
                <description>1</description>
              </info>
            </details>
            <teststep timestamp="  87.343616" level="2" type="auto" ident="1" result="pass">Stimulation of the input parameters</teststep>
            <result timestamp="  87.343616" result="pass"/>
          </testpattern>
          <prepend endtime="2018-05-11 16:45:19" endtimestamp="  87.343616" />
        </preparation>
        <verdict time="2018-05-11 16:45:19" timestamp="  87.343616" endtime="2018-05-11 16:45:19" endtimestamp="  87.343616" result="pass" />
        <title>Check_black</title>
        <ident>Check_black</ident>
        <description>Check_black</description>
      </testcase>
      <testcase starttime="2018-05-11 16:45:19" timestamp="  87.343616">
        <preparation starttime="2018-05-11 16:45:19" timestamp="  87.343616">
          <testpattern timestamp="  87.343616" name="wait" type="controlfunction">
            <title>2s</title>
            <teststep timestamp="  89.343616" level="1" type="auto" ident="Resume reason" result="na"> Elapsed time=2000ms (max=2000ms)</teststep>
            <teststep timestamp="  89.343616" level="1" type="auto" ident="1" result="pass">Waited for 2000 ms.</teststep>
            <result timestamp="  89.343616" result="pass"/>
          </testpattern>
          <prepend endtime="2018-05-11 16:45:21" endtimestamp="  89.343616" />
        </preparation>
        <verdict time="2018-05-11 16:45:21" timestamp="  89.343616" endtime="2018-05-11 16:45:21" endtimestamp="  89.343616" result="pass" />
        <title>Waiting 2s</title>
        <ident>Waiting 2s</ident>
        <description>Waiting 2s</description>
      </testcase>
      <testcase starttime="2018-05-11 16:45:21" timestamp="  89.343616">
        <testpattern timestamp="  89.343616" name="choice" type="controlfunction">
          <title>SCREEN CHECK</title>
          <teststep timestamp="  89.343616" level="0" type="auto" ident="" result="na">Check system variable &apos;Camera::black_detect_result&apos; value failed: = 0, condition: == 1</teststep>
          <teststep timestamp="  89.343616" level="0" type="auto" ident="" result="na">If condition is not fulfilled, skipping if block.</teststep>
          <teststep timestamp="  89.343616" level="0" type="auto" ident="" result="na">No if condition matched, choice passed without executing anything.</teststep>
          <result timestamp="  89.343616" result="pass"/>
        </testpattern>
        <verdict time="2018-05-11 16:45:21" timestamp="  89.343616" endtime="2018-05-11 16:45:21" endtimestamp="  89.343616" result="pass" />
        <title>Choice</title>
        <ident>Choice</ident>
      </testcase>
      <title>MQB STD+ Measure</title>
    </testgroup>
  </testcycle>
  <testcycle run="5" >
    <testgroup>
      <skipped starttime="2018-05-11 16:45:21" timestamp="  89.343616">
        <title>Sending all msg</title>
        <ident>Sending all msg</ident>
        <description>Sending all msg</description>
      </skipped>
      <skipped starttime="2018-05-11 16:45:21" timestamp="  89.343616">
        <title>Waiting 15s (Radio in power on mode)</title>
        <ident>Waiting 15s (Radio in power on mode)</ident>
        <description>Waiting 15s (Radio in power on mode)</description>
      </skipped>
      <skipped starttime="2018-05-11 16:45:21" timestamp="  89.343616">
        <title>Active T-MODE</title>
        <ident>Active T-MODE</ident>
        <description>Active T-MODE</description>
      </skipped>
      <skipped starttime="2018-05-11 16:45:21" timestamp="  89.343616">
        <title>Stop all msg (Radio go to sleep)</title>
        <ident>Stop all msg (Radio go to sleep)</ident>
        <description>Stop all msg (Radio go to sleep)</description>
      </skipped>
      <skipped starttime="2018-05-11 16:45:21" timestamp="  89.343616">
        <title>Waiting (1-600s) Random Timer</title>
        <ident>Waiting (1-600s) Random Timer</ident>
      </skipped>
      <skipped starttime="2018-05-11 16:45:21" timestamp="  89.343616">
        <title>Deactive T-MODE</title>
        <ident>Deactive T-MODE</ident>
        <description>Deactive T-MODE</description>
      </skipped>
      <skipped starttime="2018-05-11 16:45:21" timestamp="  89.343616">
        <title>Waiting 15s (Radio need back to last source)</title>
        <ident>Waiting 15s (Radio need back to last source)</ident>
        <description>Waiting 15s (Radio need back to last source)</description>
      </skipped>
      <testcase starttime="2018-05-11 16:45:21" timestamp="  89.343616">
        <preparation starttime="2018-05-11 16:45:21" timestamp="  89.343616">
          <testpattern timestamp="  89.343616" name="set" type="testprimitive">
            <title>Take a photo</title>
            <details timestamp="  89.343616">
              <title>Set specified value.</title>
              <info>
                <name>System variable &apos;Camera::capture_cam&apos;</name>
                <description>1</description>
              </info>
            </details>
            <teststep timestamp="  89.343616" level="2" type="auto" ident="1" result="pass">Stimulation of the input parameters</teststep>
            <result timestamp="  89.343616" result="pass"/>
          </testpattern>
          <prepend endtime="2018-05-11 16:45:21" endtimestamp="  89.343616" />
        </preparation>
        <verdict time="2018-05-11 16:45:21" timestamp="  89.343616" endtime="2018-05-11 16:45:21" endtimestamp="  89.343616" result="pass" />
        <title>Take a photo (confirm radio in power on mode)</title>
        <ident>Take a photo (confirm radio in power on mode)</ident>
        <description>Take a photo (confirm radio in power on mode)</description>
      </testcase>
      <testcase starttime="2018-05-11 16:45:21" timestamp="  89.343616">
        <preparation starttime="2018-05-11 16:45:21" timestamp="  89.343616">
          <testpattern timestamp="  89.343616" name="set" type="testprimitive">
            <title>Take a photo</title>
            <details timestamp="  89.343616">
              <title>Set specified value.</title>
              <info>
                <name>System variable &apos;Camera::black_detect&apos;</name>
                <description>1</description>
              </info>
            </details>
            <teststep timestamp="  89.343616" level="2" type="auto" ident="1" result="pass">Stimulation of the input parameters</teststep>
            <result timestamp="  89.343616" result="pass"/>
          </testpattern>
          <prepend endtime="2018-05-11 16:45:21" endtimestamp="  89.343616" />
        </preparation>
        <verdict time="2018-05-11 16:45:21" timestamp="  89.343616" endtime="2018-05-11 16:45:21" endtimestamp="  89.343616" result="pass" />
        <title>Check_black</title>
        <ident>Check_black</ident>
        <description>Check_black</description>
      </testcase>
      <testcase starttime="2018-05-11 16:45:21" timestamp="  89.343616">
        <preparation starttime="2018-05-11 16:45:21" timestamp="  89.343616">
          <testpattern timestamp="  89.343616" name="wait" type="controlfunction">
            <title>2s</title>
            <teststep timestamp="  91.343616" level="1" type="auto" ident="Resume reason" result="na"> Elapsed time=2000ms (max=2000ms)</teststep>
            <teststep timestamp="  91.343616" level="1" type="auto" ident="1" result="pass">Waited for 2000 ms.</teststep>
            <result timestamp="  91.343616" result="pass"/>
          </testpattern>
          <prepend endtime="2018-05-11 16:45:23" endtimestamp="  91.343616" />
        </preparation>
        <verdict time="2018-05-11 16:45:23" timestamp="  91.343616" endtime="2018-05-11 16:45:23" endtimestamp="  91.343616" result="pass" />
        <title>Waiting 2s</title>
        <ident>Waiting 2s</ident>
        <description>Waiting 2s</description>
      </testcase>
      <testcase starttime="2018-05-11 16:45:23" timestamp="  91.343616">
        <testpattern timestamp="  91.343616" name="choice" type="controlfunction">
          <title>SCREEN CHECK</title>
          <teststep timestamp="  91.343616" level="0" type="auto" ident="" result="na">Check system variable &apos;Camera::black_detect_result&apos; value passed: = 1, condition: == 1</teststep>
          <teststep timestamp="  91.343616" level="0" type="auto" ident="" result="na">If condition is fulfilled, executing if block.</teststep>
          <testpattern timestamp="  91.343616" name="testerconfirmation" type="testprimitive">
            <title>Screen Black</title>
            <teststep timestamp=" 153.668616" level="0" type="auto" ident="1" result="pass">Question/Text: Screen Black, Please Check.\nUser confirmed with &apos;Yes&apos;.</teststep>
            <result timestamp=" 153.668616" result="pass"/>
          </testpattern>
          <result timestamp=" 153.668616" result="pass"/>
        </testpattern>
        <verdict time="2018-05-11 16:46:25" timestamp=" 153.668616" endtime="2018-05-11 16:46:25" endtimestamp=" 153.668616" result="pass" />
        <title>Choice</title>
        <ident>Choice</ident>
      </testcase>
      <title>MQB STD+ Measure</title>
    </testgroup>
  </testcycle>
  <testcycle run="6" >
    <testgroup>
      <skipped starttime="2018-05-11 16:46:25" timestamp=" 153.668616">
        <title>Sending all msg</title>
        <ident>Sending all msg</ident>
        <description>Sending all msg</description>
      </skipped>
      <skipped starttime="2018-05-11 16:46:25" timestamp=" 153.668616">
        <title>Waiting 15s (Radio in power on mode)</title>
        <ident>Waiting 15s (Radio in power on mode)</ident>
        <description>Waiting 15s (Radio in power on mode)</description>
      </skipped>
      <skipped starttime="2018-05-11 16:46:25" timestamp=" 153.668616">
        <title>Active T-MODE</title>
        <ident>Active T-MODE</ident>
        <description>Active T-MODE</description>
      </skipped>
      <skipped starttime="2018-05-11 16:46:25" timestamp=" 153.668616">
        <title>Stop all msg (Radio go to sleep)</title>
        <ident>Stop all msg (Radio go to sleep)</ident>
        <description>Stop all msg (Radio go to sleep)</description>
      </skipped>
      <skipped starttime="2018-05-11 16:46:25" timestamp=" 153.668616">
        <title>Waiting (1-600s) Random Timer</title>
        <ident>Waiting (1-600s) Random Timer</ident>
      </skipped>
      <skipped starttime="2018-05-11 16:46:25" timestamp=" 153.668616">
        <title>Deactive T-MODE</title>
        <ident>Deactive T-MODE</ident>
        <description>Deactive T-MODE</description>
      </skipped>
      <skipped starttime="2018-05-11 16:46:25" timestamp=" 153.668616">
        <title>Waiting 15s (Radio need back to last source)</title>
        <ident>Waiting 15s (Radio need back to last source)</ident>
        <description>Waiting 15s (Radio need back to last source)</description>
      </skipped>
      <testcase starttime="2018-05-11 16:46:25" timestamp=" 153.668616">
        <preparation starttime="2018-05-11 16:46:25" timestamp=" 153.668616">
          <testpattern timestamp=" 153.668616" name="set" type="testprimitive">
            <title>Take a photo</title>
            <details timestamp=" 153.668616">
              <title>Set specified value.</title>
              <info>
                <name>System variable &apos;Camera::capture_cam&apos;</name>
                <description>1</description>
              </info>
            </details>
            <teststep timestamp=" 153.668616" level="2" type="auto" ident="1" result="pass">Stimulation of the input parameters</teststep>
            <result timestamp=" 153.668616" result="pass"/>
          </testpattern>
          <prepend endtime="2018-05-11 16:46:25" endtimestamp=" 153.668616" />
        </preparation>
        <verdict time="2018-05-11 16:46:25" timestamp=" 153.668616" endtime="2018-05-11 16:46:25" endtimestamp=" 153.668616" result="pass" />
        <title>Take a photo (confirm radio in power on mode)</title>
        <ident>Take a photo (confirm radio in power on mode)</ident>
        <description>Take a photo (confirm radio in power on mode)</description>
      </testcase>
      <testcase starttime="2018-05-11 16:46:25" timestamp=" 153.668616">
        <preparation starttime="2018-05-11 16:46:25" timestamp=" 153.668616">
          <testpattern timestamp=" 153.668616" name="set" type="testprimitive">
            <title>Take a photo</title>
            <details timestamp=" 153.668616">
              <title>Set specified value.</title>
              <info>
                <name>System variable &apos;Camera::black_detect&apos;</name>
                <description>1</description>
              </info>
            </details>
            <teststep timestamp=" 153.668616" level="2" type="auto" ident="1" result="pass">Stimulation of the input parameters</teststep>
            <result timestamp=" 153.668616" result="pass"/>
          </testpattern>
          <prepend endtime="2018-05-11 16:46:25" endtimestamp=" 153.668616" />
        </preparation>
        <verdict time="2018-05-11 16:46:25" timestamp=" 153.668616" endtime="2018-05-11 16:46:25" endtimestamp=" 153.668616" result="pass" />
        <title>Check_black</title>
        <ident>Check_black</ident>
        <description>Check_black</description>
      </testcase>
      <testcase starttime="2018-05-11 16:46:25" timestamp=" 153.668616">
        <preparation starttime="2018-05-11 16:46:25" timestamp=" 153.668616">
          <testpattern timestamp=" 153.668616" name="wait" type="controlfunction">
            <title>2s</title>
            <teststep timestamp=" 155.668616" level="1" type="auto" ident="Resume reason" result="na"> Elapsed time=2000ms (max=2000ms)</teststep>
            <teststep timestamp=" 155.668616" level="1" type="auto" ident="1" result="pass">Waited for 2000 ms.</teststep>
            <result timestamp=" 155.668616" result="pass"/>
          </testpattern>
          <prepend endtime="2018-05-11 16:46:27" endtimestamp=" 155.668616" />
        </preparation>
        <verdict time="2018-05-11 16:46:27" timestamp=" 155.668616" endtime="2018-05-11 16:46:27" endtimestamp=" 155.668616" result="pass" />
        <title>Waiting 2s</title>
        <ident>Waiting 2s</ident>
        <description>Waiting 2s</description>
      </testcase>
      <testcase starttime="2018-05-11 16:46:27" timestamp=" 155.668616">
        <testpattern timestamp=" 155.668616" name="choice" type="controlfunction">
          <title>SCREEN CHECK</title>
          <teststep timestamp=" 155.668616" level="0" type="auto" ident="" result="na">Check system variable &apos;Camera::black_detect_result&apos; value failed: = 0, condition: == 1</teststep>
          <teststep timestamp=" 155.668616" level="0" type="auto" ident="" result="na">If condition is not fulfilled, skipping if block.</teststep>
          <teststep timestamp=" 155.668616" level="0" type="auto" ident="" result="na">No if condition matched, choice passed without executing anything.</teststep>
          <result timestamp=" 155.668616" result="pass"/>
        </testpattern>
        <verdict time="2018-05-11 16:46:27" timestamp=" 155.668616" endtime="2018-05-11 16:46:27" endtimestamp=" 155.668616" result="pass" />
        <title>Choice</title>
        <ident>Choice</ident>
      </testcase>
      <title>MQB STD+ Measure</title>
    </testgroup>
  </testcycle>
  <testcycle run="7" >
    <testgroup>
      <skipped starttime="2018-05-11 16:46:27" timestamp=" 155.668616">
        <title>Sending all msg</title>
        <ident>Sending all msg</ident>
        <description>Sending all msg</description>
      </skipped>
      <skipped starttime="2018-05-11 16:46:27" timestamp=" 155.668616">
        <title>Waiting 15s (Radio in power on mode)</title>
        <ident>Waiting 15s (Radio in power on mode)</ident>
        <description>Waiting 15s (Radio in power on mode)</description>
      </skipped>
      <skipped starttime="2018-05-11 16:46:27" timestamp=" 155.668616">
        <title>Active T-MODE</title>
        <ident>Active T-MODE</ident>
        <description>Active T-MODE</description>
      </skipped>
      <skipped starttime="2018-05-11 16:46:27" timestamp=" 155.668616">
        <title>Stop all msg (Radio go to sleep)</title>
        <ident>Stop all msg (Radio go to sleep)</ident>
        <description>Stop all msg (Radio go to sleep)</description>
      </skipped>
      <skipped starttime="2018-05-11 16:46:27" timestamp=" 155.668616">
        <title>Waiting (1-600s) Random Timer</title>
        <ident>Waiting (1-600s) Random Timer</ident>
      </skipped>
      <skipped starttime="2018-05-11 16:46:27" timestamp=" 155.668616">
        <title>Deactive T-MODE</title>
        <ident>Deactive T-MODE</ident>
        <description>Deactive T-MODE</description>
      </skipped>
      <skipped starttime="2018-05-11 16:46:27" timestamp=" 155.668616">
        <title>Waiting 15s (Radio need back to last source)</title>
        <ident>Waiting 15s (Radio need back to last source)</ident>
        <description>Waiting 15s (Radio need back to last source)</description>
      </skipped>
      <testcase starttime="2018-05-11 16:46:27" timestamp=" 155.668616">
        <preparation starttime="2018-05-11 16:46:27" timestamp=" 155.668616">
          <testpattern timestamp=" 155.668616" name="set" type="testprimitive">
            <title>Take a photo</title>
            <details timestamp=" 155.668616">
              <title>Set specified value.</title>
              <info>
                <name>System variable &apos;Camera::capture_cam&apos;</name>
                <description>1</description>
              </info>
            </details>
            <teststep timestamp=" 155.668616" level="2" type="auto" ident="1" result="pass">Stimulation of the input parameters</teststep>
            <result timestamp=" 155.668616" result="pass"/>
          </testpattern>
          <prepend endtime="2018-05-11 16:46:27" endtimestamp=" 155.668616" />
        </preparation>
        <verdict time="2018-05-11 16:46:27" timestamp=" 155.668616" endtime="2018-05-11 16:46:27" endtimestamp=" 155.668616" result="pass" />
        <title>Take a photo (confirm radio in power on mode)</title>
        <ident>Take a photo (confirm radio in power on mode)</ident>
        <description>Take a photo (confirm radio in power on mode)</description>
      </testcase>
      <testcase starttime="2018-05-11 16:46:27" timestamp=" 155.668616">
        <preparation starttime="2018-05-11 16:46:27" timestamp=" 155.668616">
          <testpattern timestamp=" 155.668616" name="set" type="testprimitive">
            <title>Take a photo</title>
            <details timestamp=" 155.668616">
              <title>Set specified value.</title>
              <info>
                <name>System variable &apos;Camera::black_detect&apos;</name>
                <description>1</description>
              </info>
            </details>
            <teststep timestamp=" 155.668616" level="2" type="auto" ident="1" result="pass">Stimulation of the input parameters</teststep>
            <result timestamp=" 155.668616" result="pass"/>
          </testpattern>
          <prepend endtime="2018-05-11 16:46:27" endtimestamp=" 155.668616" />
        </preparation>
        <verdict time="2018-05-11 16:46:27" timestamp=" 155.668616" endtime="2018-05-11 16:46:27" endtimestamp=" 155.668616" result="pass" />
        <title>Check_black</title>
        <ident>Check_black</ident>
        <description>Check_black</description>
      </testcase>
      <testcase starttime="2018-05-11 16:46:27" timestamp=" 155.668616">
        <preparation starttime="2018-05-11 16:46:27" timestamp=" 155.668616">
          <testpattern timestamp=" 155.668616" name="wait" type="controlfunction">
            <title>2s</title>
            <teststep timestamp=" 157.668616" level="1" type="auto" ident="Resume reason" result="na"> Elapsed time=2000ms (max=2000ms)</teststep>
            <teststep timestamp=" 157.668616" level="1" type="auto" ident="1" result="pass">Waited for 2000 ms.</teststep>
            <result timestamp=" 157.668616" result="pass"/>
          </testpattern>
          <prepend endtime="2018-05-11 16:46:29" endtimestamp=" 157.668616" />
        </preparation>
        <verdict time="2018-05-11 16:46:29" timestamp=" 157.668616" endtime="2018-05-11 16:46:29" endtimestamp=" 157.668616" result="pass" />
        <title>Waiting 2s</title>
        <ident>Waiting 2s</ident>
        <description>Waiting 2s</description>
      </testcase>
      <testcase starttime="2018-05-11 16:46:29" timestamp=" 157.668616">
        <testpattern timestamp=" 157.668616" name="choice" type="controlfunction">
          <title>SCREEN CHECK</title>
          <teststep timestamp=" 157.668616" level="0" type="auto" ident="" result="na">Check system variable &apos;Camera::black_detect_result&apos; value failed: = 0, condition: == 1</teststep>
          <teststep timestamp=" 157.668616" level="0" type="auto" ident="" result="na">If condition is not fulfilled, skipping if block.</teststep>
          <teststep timestamp=" 157.668616" level="0" type="auto" ident="" result="na">No if condition matched, choice passed without executing anything.</teststep>
          <result timestamp=" 157.668616" result="pass"/>
        </testpattern>
        <verdict time="2018-05-11 16:46:29" timestamp=" 157.668616" endtime="2018-05-11 16:46:29" endtimestamp=" 157.668616" result="pass" />
        <title>Choice</title>
        <ident>Choice</ident>
      </testcase>
      <title>MQB STD+ Measure</title>
    </testgroup>
  </testcycle>
  <testcycle run="8" >
    <testgroup>
      <skipped starttime="2018-05-11 16:46:29" timestamp=" 157.668616">
        <title>Sending all msg</title>
        <ident>Sending all msg</ident>
        <description>Sending all msg</description>
      </skipped>
      <skipped starttime="2018-05-11 16:46:29" timestamp=" 157.668616">
        <title>Waiting 15s (Radio in power on mode)</title>
        <ident>Waiting 15s (Radio in power on mode)</ident>
        <description>Waiting 15s (Radio in power on mode)</description>
      </skipped>
      <skipped starttime="2018-05-11 16:46:29" timestamp=" 157.668616">
        <title>Active T-MODE</title>
        <ident>Active T-MODE</ident>
        <description>Active T-MODE</description>
      </skipped>
      <skipped starttime="2018-05-11 16:46:29" timestamp=" 157.668616">
        <title>Stop all msg (Radio go to sleep)</title>
        <ident>Stop all msg (Radio go to sleep)</ident>
        <description>Stop all msg (Radio go to sleep)</description>
      </skipped>
      <skipped starttime="2018-05-11 16:46:29" timestamp=" 157.668616">
        <title>Waiting (1-600s) Random Timer</title>
        <ident>Waiting (1-600s) Random Timer</ident>
      </skipped>
      <skipped starttime="2018-05-11 16:46:29" timestamp=" 157.668616">
        <title>Deactive T-MODE</title>
        <ident>Deactive T-MODE</ident>
        <description>Deactive T-MODE</description>
      </skipped>
      <skipped starttime="2018-05-11 16:46:29" timestamp=" 157.668616">
        <title>Waiting 15s (Radio need back to last source)</title>
        <ident>Waiting 15s (Radio need back to last source)</ident>
        <description>Waiting 15s (Radio need back to last source)</description>
      </skipped>
      <testcase starttime="2018-05-11 16:46:29" timestamp=" 157.668616">
        <preparation starttime="2018-05-11 16:46:29" timestamp=" 157.668616">
          <testpattern timestamp=" 157.668616" name="set" type="testprimitive">
            <title>Take a photo</title>
            <details timestamp=" 157.668616">
              <title>Set specified value.</title>
              <info>
                <name>System variable &apos;Camera::capture_cam&apos;</name>
                <description>1</description>
              </info>
            </details>
            <teststep timestamp=" 157.668616" level="2" type="auto" ident="1" result="pass">Stimulation of the input parameters</teststep>
            <result timestamp=" 157.668616" result="pass"/>
          </testpattern>
          <prepend endtime="2018-05-11 16:46:29" endtimestamp=" 157.668616" />
        </preparation>
        <verdict time="2018-05-11 16:46:29" timestamp=" 157.668616" endtime="2018-05-11 16:46:29" endtimestamp=" 157.668616" result="pass" />
        <title>Take a photo (confirm radio in power on mode)</title>
        <ident>Take a photo (confirm radio in power on mode)</ident>
        <description>Take a photo (confirm radio in power on mode)</description>
      </testcase>
      <testcase starttime="2018-05-11 16:46:29" timestamp=" 157.668616">
        <preparation starttime="2018-05-11 16:46:29" timestamp=" 157.668616">
          <testpattern timestamp=" 157.668616" name="set" type="testprimitive">
            <title>Take a photo</title>
            <details timestamp=" 157.668616">
              <title>Set specified value.</title>
              <info>
                <name>System variable &apos;Camera::black_detect&apos;</name>
                <description>1</description>
              </info>
            </details>
            <teststep timestamp=" 157.668616" level="2" type="auto" ident="1" result="pass">Stimulation of the input parameters</teststep>
            <result timestamp=" 157.668616" result="pass"/>
          </testpattern>
          <prepend endtime="2018-05-11 16:46:29" endtimestamp=" 157.668616" />
        </preparation>
        <verdict time="2018-05-11 16:46:29" timestamp=" 157.668616" endtime="2018-05-11 16:46:29" endtimestamp=" 157.668616" result="pass" />
        <title>Check_black</title>
        <ident>Check_black</ident>
        <description>Check_black</description>
      </testcase>
      <testcase starttime="2018-05-11 16:46:29" timestamp=" 157.668616">
        <preparation starttime="2018-05-11 16:46:29" timestamp=" 157.668616">
          <testpattern timestamp=" 157.668616" name="wait" type="controlfunction">
            <title>2s</title>
            <teststep timestamp=" 159.668616" level="1" type="auto" ident="Resume reason" result="na"> Elapsed time=2000ms (max=2000ms)</teststep>
            <teststep timestamp=" 159.668616" level="1" type="auto" ident="1" result="pass">Waited for 2000 ms.</teststep>
            <result timestamp=" 159.668616" result="pass"/>
          </testpattern>
          <prepend endtime="2018-05-11 16:46:31" endtimestamp=" 159.668616" />
        </preparation>
        <verdict time="2018-05-11 16:46:31" timestamp=" 159.668616" endtime="2018-05-11 16:46:31" endtimestamp=" 159.668616" result="pass" />
        <title>Waiting 2s</title>
        <ident>Waiting 2s</ident>
        <description>Waiting 2s</description>
      </testcase>
      <testcase starttime="2018-05-11 16:46:31" timestamp=" 159.668616">
        <testpattern timestamp=" 159.668616" name="choice" type="controlfunction">
          <title>SCREEN CHECK</title>
          <teststep timestamp=" 159.668616" level="0" type="auto" ident="" result="na">Check system variable &apos;Camera::black_detect_result&apos; value failed: = 0, condition: == 1</teststep>
          <teststep timestamp=" 159.668616" level="0" type="auto" ident="" result="na">If condition is not fulfilled, skipping if block.</teststep>
          <teststep timestamp=" 159.668616" level="0" type="auto" ident="" result="na">No if condition matched, choice passed without executing anything.</teststep>
          <result timestamp=" 159.668616" result="pass"/>
        </testpattern>
        <verdict time="2018-05-11 16:46:31" timestamp=" 159.668616" endtime="2018-05-11 16:46:31" endtimestamp=" 159.668616" result="pass" />
        <title>Choice</title>
        <ident>Choice</ident>
      </testcase>
      <title>MQB STD+ Measure</title>
    </testgroup>
  </testcycle>
  <testcycle run="9" >
    <testgroup>
      <skipped starttime="2018-05-11 16:46:31" timestamp=" 159.668616">
        <title>Sending all msg</title>
        <ident>Sending all msg</ident>
        <description>Sending all msg</description>
      </skipped>
      <skipped starttime="2018-05-11 16:46:31" timestamp=" 159.668616">
        <title>Waiting 15s (Radio in power on mode)</title>
        <ident>Waiting 15s (Radio in power on mode)</ident>
        <description>Waiting 15s (Radio in power on mode)</description>
      </skipped>
      <skipped starttime="2018-05-11 16:46:31" timestamp=" 159.668616">
        <title>Active T-MODE</title>
        <ident>Active T-MODE</ident>
        <description>Active T-MODE</description>
      </skipped>
      <skipped starttime="2018-05-11 16:46:31" timestamp=" 159.668616">
        <title>Stop all msg (Radio go to sleep)</title>
        <ident>Stop all msg (Radio go to sleep)</ident>
        <description>Stop all msg (Radio go to sleep)</description>
      </skipped>
      <skipped starttime="2018-05-11 16:46:31" timestamp=" 159.668616">
        <title>Waiting (1-600s) Random Timer</title>
        <ident>Waiting (1-600s) Random Timer</ident>
      </skipped>
      <skipped starttime="2018-05-11 16:46:31" timestamp=" 159.668616">
        <title>Deactive T-MODE</title>
        <ident>Deactive T-MODE</ident>
        <description>Deactive T-MODE</description>
      </skipped>
      <skipped starttime="2018-05-11 16:46:31" timestamp=" 159.668616">
        <title>Waiting 15s (Radio need back to last source)</title>
        <ident>Waiting 15s (Radio need back to last source)</ident>
        <description>Waiting 15s (Radio need back to last source)</description>
      </skipped>
      <testcase starttime="2018-05-11 16:46:31" timestamp=" 159.668616">
        <preparation starttime="2018-05-11 16:46:31" timestamp=" 159.668616">
          <testpattern timestamp=" 159.668616" name="set" type="testprimitive">
            <title>Take a photo</title>
            <details timestamp=" 159.668616">
              <title>Set specified value.</title>
              <info>
                <name>System variable &apos;Camera::capture_cam&apos;</name>
                <description>1</description>
              </info>
            </details>
            <teststep timestamp=" 159.668616" level="2" type="auto" ident="1" result="pass">Stimulation of the input parameters</teststep>
            <result timestamp=" 159.668616" result="pass"/>
          </testpattern>
          <prepend endtime="2018-05-11 16:46:31" endtimestamp=" 159.668616" />
        </preparation>
        <verdict time="2018-05-11 16:46:31" timestamp=" 159.668616" endtime="2018-05-11 16:46:31" endtimestamp=" 159.668616" result="pass" />
        <title>Take a photo (confirm radio in power on mode)</title>
        <ident>Take a photo (confirm radio in power on mode)</ident>
        <description>Take a photo (confirm radio in power on mode)</description>
      </testcase>
      <testcase starttime="2018-05-11 16:46:31" timestamp=" 159.668616">
        <preparation starttime="2018-05-11 16:46:31" timestamp=" 159.668616">
          <testpattern timestamp=" 159.668616" name="set" type="testprimitive">
            <title>Take a photo</title>
            <details timestamp=" 159.668616">
              <title>Set specified value.</title>
              <info>
                <name>System variable &apos;Camera::black_detect&apos;</name>
                <description>1</description>
              </info>
            </details>
            <teststep timestamp=" 159.668616" level="2" type="auto" ident="1" result="pass">Stimulation of the input parameters</teststep>
            <result timestamp=" 159.668616" result="pass"/>
          </testpattern>
          <prepend endtime="2018-05-11 16:46:31" endtimestamp=" 159.668616" />
        </preparation>
        <verdict time="2018-05-11 16:46:31" timestamp=" 159.668616" endtime="2018-05-11 16:46:31" endtimestamp=" 159.668616" result="pass" />
        <title>Check_black</title>
        <ident>Check_black</ident>
        <description>Check_black</description>
      </testcase>
      <testcase starttime="2018-05-11 16:46:31" timestamp=" 159.668616">
        <preparation starttime="2018-05-11 16:46:31" timestamp=" 159.668616">
          <testpattern timestamp=" 159.668616" name="wait" type="controlfunction">
            <title>2s</title>
            <!-- Repeated test execution has been terminated by measurement stop. -->
            <result timestamp=" 159.668616" result="pass"/>
          </testpattern>
          <prepend endtime="2018-05-11 16:46:32" endtimestamp=" 159.668616" />
        </preparation>
        <verdict time="2018-05-11 16:46:31" timestamp=" 159.668616" endtime="2018-05-11 16:46:32" endtimestamp=" 159.668616" result="pass" />
        <title>Waiting 2s</title>
        <ident>Waiting 2s</ident>
        <description>Waiting 2s</description>
        <extendedinfo type="html"><![CDATA[<b>Repeated test execution has been terminated by measurement stop.</b>]]></extendedinfo>
      </testcase>
      <title>MQB STD+ Measure</title>
    </testgroup>
  </testcycle>
  <verdict time="1970-01-01 08:00:00" timestamp="   0.000000" endtime="2018-05-11 16:46:32" endtimestamp=" 159.668616" result="pass" />
  <title>repeat trace</title>
  <description>repeat trace</description>
  <testlogfiles>
  </testlogfiles>
  <engineer>
    <xinfo>
      <name>Windows Login Name</name>
      <description>ZHUANG5</description>
    </xinfo>
    <info>
      <name>Tester</name>
      <description>Huang Zheng</description>
    </info>
    <info>
      <name>Info</name>
      <description>VW 80124 spec</description>
    </info>
  </engineer>
  <testsetup>
    <xinfo>
      <name>Version</name>
      <description>CANoe.LIN.FlexRay 10.0.114 (SP5)</description>
    </xinfo>
    <xinfo>
      <name>Configuration</name>
      <description>C:\Users\zhuang5\Desktop\CANoe_CAMERA_V0.3\CANoe_CAM_8.2.cfg</description>
    </xinfo>
    <xinfo>
      <name>Configuration Comment</name>
      <description></description>
    </xinfo>
    <xinfo>
      <name>Database MQB_CS_MQB_ICAN_KMatrix_V7.16F_20151209_JS on CAN</name>
      <description>C:\Users\zhuang5\Desktop\CANoe_CAMERA_V0.3\MQB_CS_MQB_ICAN_KMatrix_V7.16F_20151209_JS.dbc (2015-12-10 11:04:47)</description>
    </xinfo>
    <xinfo>
      <name>Test Module Name</name>
      <description>repeat trace</description>
    </xinfo>
    <xinfo>
      <name>Test Module File</name>
      <description>C:\Users\zhuang5\Desktop\CANoe_CAMERA_V0.3\repeat trace.vxt</description>
    </xinfo>
    <xinfo>
      <name>Last modification of Test Module File</name>
      <description>2018-05-11, 16:43:13</description>
    </xinfo>
    <xinfo>
      <name>Test Module Library (CAPL)</name>
      <description>C:\Users\zhuang5\Desktop\CANoe_CAMERA_V0.3\Node\waiting.can</description>
    </xinfo>
    <xinfo>
      <name>Windows Computer Name</name>
      <description>PDWS295</description>
    </xinfo>
  </testsetup>
  <sut>
    <info>
      <name>ECU Name</name>
      <description>Radio</description>
    </info>
    <info>
      <name>Variant</name>
      <description>XXX</description>
    </info>
    <info>
      <name>Hardware revision</name>
      <description>V X.XX</description>
    </info>
    <info>
      <name>Software revision</name>
      <description>V X.XX</description>
    </info>
    <info>
      <name>Spec</name>
      <description>VW80124 1.10</description>
    </info>
  </sut>
  <hardware name="CAN Channel Interfaces" category="CategoryCANIF">
    <xinfoset type="device">
      <xinfoobject type="device">
      <xinfo key="channel">
        <name>Channel</name>
        <description>1</description>
      </xinfo>
      <xinfo key="device">
        <name>Device</name>
        <description>CANcaseXL</description>
      </xinfo>
      <xinfo key="serialnumber">
        <name>Serial number</name>
        <description>58218</description>
      </xinfo>
      <xinfo key="driverdllversion">
        <name>Driver DLL version</name>
        <description>9.9.26</description>
      </xinfo>
      <xinfo key="driverversion">
        <name>Driver version</name>
        <description>8.7.16</description>
      </xinfo>
      </xinfoobject>
      <xinfoobject type="device">
      <xinfo key="channel">
        <name>Channel</name>
        <description>2</description>
      </xinfo>
      <xinfo key="device">
        <name>Device</name>
        <description>CANcaseXL</description>
      </xinfo>
      <xinfo key="serialnumber">
        <name>Serial number</name>
        <description>58218</description>
      </xinfo>
      <xinfo key="driverdllversion">
        <name>Driver DLL version</name>
        <description>9.9.26</description>
      </xinfo>
      <xinfo key="driverversion">
        <name>Driver version</name>
        <description>8.7.16</description>
      </xinfo>
      </xinfoobject>
    </xinfoset>
  </hardware>
  <extendedinfo type="html"><![CDATA[<b>Repeated test execution has been terminated by measurement stop.</b>]]></extendedinfo>
</testmodule>
<!--footprint="6ba8d71092e1e41c1bd9aa481fd98a8f" version="1"-->
